{
  "feature_names": [
    "hip_flexion_angle_ipsi_rad",
    "hip_flexion_velocity_ipsi_rad_s",
    "thigh_sagittal_angle_ipsi_rad",
    "thigh_sagittal_velocity_ipsi_rad_s",
    "hip_flexion_angle_contra_rad",
    "hip_flexion_velocity_contra_rad_s",
    "thigh_sagittal_angle_contra_rad",
    "thigh_sagittal_velocity_contra_rad_s",
    "knee_flexion_angle_ipsi_rad",
    "knee_flexion_velocity_ipsi_rad_s",
    "shank_sagittal_angle_ipsi_rad",
    "shank_sagittal_velocity_ipsi_rad_s",
    "knee_flexion_angle_contra_rad",
    "knee_flexion_velocity_contra_rad_s",
    "shank_sagittal_angle_contra_rad",
    "shank_sagittal_velocity_contra_rad_s",
    "ankle_dorsiflexion_angle_ipsi_rad",
    "ankle_dorsiflexion_velocity_ipsi_rad_s",
    "foot_sagittal_angle_ipsi_rad",
    "foot_sagittal_velocity_ipsi_rad_s",
    "ankle_dorsiflexion_angle_contra_rad",
    "ankle_dorsiflexion_velocity_contra_rad_s",
    "foot_sagittal_angle_contra_rad",
    "foot_sagittal_velocity_contra_rad_s"
  ],
  "scaler": {
    "mean": [
      0.23519636018231538,
      -0.01920372957406362,
      0.1016796971008118,
      -0.020885164496971056,
      0.23851515777201837,
      0.017490289615868838,
      0.06780025978724737,
      0.022506795196870155,
      0.4360400235857672,
      -0.010684699167653022,
      -0.3253415683900952,
      -0.007983989987022735,
      0.44677568552500263,
      -0.015953838557954875,
      -0.3695569514720001,
      0.04068883222975141,
      0.029484859244205998,
      0.017377954502410392,
      -0.29749190887537175,
      0.008580751431933233,
      0.025204135736741528,
      0.0031244258034049694,
      -0.34632203861818694,
      0.04297716899522426
    ],
    "scale": [
      0.3423719771422146,
      2.013346410368319,
      0.2927385132992209,
      2.033669991270362,
      0.34306935352967866,
      2.022976542722125,
      0.4567603849660573,
      3.40892536469215,
      0.373019784896921,
      3.4192732034963575,
      0.3926594261724619,
      3.077427178411949,
      0.38122890230283524,
      3.4583324855233717,
      0.5040794390621521,
      3.52528091445864,
      0.18202689766277363,
      1.9048834990667893,
      0.45275815633900396,
      3.9264751262820385,
      0.18469377593014705,
      1.912127930514321,
      0.5157237481600463,
      3.9633437041406094
    ]
  }
}